{"cameraMode":{"drawMode":0,"name":"Shaded","section":"Shading Mode"},"sceneLighting":false,"audioPlay":false,"sceneViewState":{"showFog":true,"showMaterialUpdate":false,"showSkybox":false,"showFlares":true,"showImageEffects":true,"showParticleSystems":true},"in2DMode":false,"pivot":{"x":0.9043210744857788,"y":-0.03141426295042038,"z":0.0},"rotation":{"x":0.0000963088168646209,"y":-0.9995709657669067,"z":0.0033082414884120228,"w":0.02910238318145275},"size":-0.5547655820846558,"orthographic":false}